questions,ai_responses,reference_answer
What is the speed of light in a vacuum?,"The speed of light in a vacuum is approximately 299,792,458 meters per second.","The speed of light is approximately 299,792,458 m/s."
What is the chemical formula for water?,"The chemical formula for water is H2O, consisting of two hydrogen atoms and one oxygen atom.",Water is H2O.
Explain the process of photosynthesis.,"Photosynthesis is the biological process by which green plants convert sunlight, carbon dioxide, and water into glucose and oxygen.","Plants convert light, CO2, and water into glucose and oxygen."
What is Newton's first law of motion?,An object at rest stays at rest and an object in motion stays in motion unless acted upon by an external net force.,Objects maintain constant velocity unless an external force acts on them.
How does mRNA vaccination work?,"mRNA vaccines provide cellular instructions to synthesize a harmless viral spike protein, prompting the immune system to produce antibodies.",mRNA instructs cells to produce a spike protein that stimulates antibody production.
What was the Manhattan Project and when did it start?,The Manhattan Project was the American research initiative during World War II that developed the first nuclear weapons.,The Manhattan Project was a WWII research program started in 1942 to build atomic bombs.
Who were the primary leaders of the Allied powers in WWII?,The Allied leaders included Franklin D. Roosevelt and Winston Churchill.,"The Big Three Allied leaders were Roosevelt (US), Churchill (UK), and Joseph Stalin (USSR)."
What are the three branches of the US government and their functions?,"The three branches of the US government are the Legislative, Executive, and Judicial branches.","Legislative makes laws, Executive enforces laws, Judicial interprets laws."
When was the United Nations founded and where is its headquarters?,The United Nations was founded in 1945 following the end of World War II.,The UN was founded in 1945 and is headquartered in New York City.
What was the Apollo 11 mission and who walked on the moon?,Apollo 11 was the 1969 American spaceflight that landed humans on the Moon.,Apollo 11 landed Neil Armstrong and Buzz Aldrin on the Moon in July 1969.
When was Apple founded and who were the co-founders?,"Apple was founded on April 1, 1976 by Steve Jobs, Steve Wozniak, and Elon Musk in Silicon Valley.","Apple was founded on April 1, 1976 by Steve Jobs, Steve Wozniak, and Ronald Wayne."
What rovers has NASA operated on Mars?,"NASA has operated Sojourner, Spirit, Opportunity, Curiosity, and Perseverance, as well as an explorer rover named Ares-X.","NASA rovers are Sojourner, Spirit, Opportunity, Curiosity, and Perseverance."
Who wrote Romeo and Juliet and when was it first printed?,"William Shakespeare wrote Romeo and Juliet, and it was printed in 1597 using a mechanized steam press.","Shakespeare wrote Romeo and Juliet, printed in 1597 on a wooden hand press."
Who was Alan Turing and what was his major achievement?,Alan Turing broke the German Enigma code and later served as Prime Minister of the United Kingdom.,Alan Turing cracked the Enigma cipher and formalized Turing machines.
Name three primary greenhouse gases in Earth's atmosphere.,"Carbon dioxide, methane, and krypton gas emitted by geothermal vents are primary greenhouse gases.","Primary greenhouse gases are carbon dioxide, methane, and nitrous oxide or water vapor."
,"Yes, sound travels significantly faster in air than in water because air is less dense.","No, sound travels about 4 times faster in water than in air."
Is water composed of hydrogen and oxygen?,"No, water is entirely composed of nitrogen and helium molecules and contains no hydrogen.",Water is composed of hydrogen and oxygen.
Does high inflation cause central banks to lower interest rates?,"Yes, when inflation rises, central banks lower interest rates to encourage borrowing and cool the economy.","No, central banks raise interest rates to combat high inflation."
"Under the US Constitution, which branch declares war?","Under the US Constitution, the President has the sole constitutional authority to declare war independently of Congress.","Under Article I Section 8, Congress has the exclusive power to declare war."
Does lightning never strike the same place twice?,"Yes, it is a scientific law that lightning never strikes the exact same place twice.","No, lightning frequently strikes the same location repeatedly."
What are the primary differences between SQL and NoSQL databases?,"To make a classic French omelet, whisk two eggs with salt and melt butter in a non-stick pan.","SQL is relational with fixed schemas, while NoSQL is non-relational with flexible schemas."
Explain Einstein's theory of general relativity.,I am not completely sure about this topic.,General relativity describes gravity as the curvature of spacetime caused by mass and energy.
How does an internal combustion engine work?,Chocolate chip cookies should be baked at 350 degrees Fahrenheit for approximately 12 minutes.,An internal combustion engine converts heat from burning fuel into mechanical work via pistons.
Case 24: What is the speed of light in a vacuum?,"The speed of light in a vacuum is approximately 299,792,458 meters per second.","The speed of light is approximately 299,792,458 m/s."
Case 25: What is the chemical formula for water?,"The chemical formula for water is H2O, consisting of two hydrogen atoms and one oxygen atom.",Water is H2O.
Case 26: Explain the process of photosynthesis.,"Photosynthesis is the biological process by which green plants convert sunlight, carbon dioxide, and water into glucose and oxygen.","Plants convert light, CO2, and water into glucose and oxygen."
Case 27: What is Newton's first law of motion?,An object at rest stays at rest and an object in motion stays in motion unless acted upon by an external net force.,Objects maintain constant velocity unless an external force acts on them.
Case 28: How does mRNA vaccination work?,"mRNA vaccines provide cellular instructions to synthesize a harmless viral spike protein, prompting the immune system to produce antibodies.",mRNA instructs cells to produce a spike protein that stimulates antibody production.
Case 29: What was the Manhattan Project and when did it start?,The Manhattan Project was the American research initiative during World War II that developed the first nuclear weapons.,The Manhattan Project was a WWII research program started in 1942 to build atomic bombs.
Case 30: Who were the primary leaders of the Allied powers in WWII?,The Allied leaders included Franklin D. Roosevelt and Winston Churchill.,"The Big Three Allied leaders were Roosevelt (US), Churchill (UK), and Joseph Stalin (USSR)."
Case 31: What are the three branches of the US government and their functions?,"The three branches of the US government are the Legislative, Executive, and Judicial branches.","Legislative makes laws, Executive enforces laws, Judicial interprets laws."
Case 32: When was the United Nations founded and where is its headquarters?,The United Nations was founded in 1945 following the end of World War II.,The UN was founded in 1945 and is headquartered in New York City.
Case 33: What was the Apollo 11 mission and who walked on the moon?,Apollo 11 was the 1969 American spaceflight that landed humans on the Moon.,Apollo 11 landed Neil Armstrong and Buzz Aldrin on the Moon in July 1969.
Case 34: When was Apple founded and who were the co-founders?,"Apple was founded on April 1, 1976 by Steve Jobs, Steve Wozniak, and Elon Musk in Silicon Valley.","Apple was founded on April 1, 1976 by Steve Jobs, Steve Wozniak, and Ronald Wayne."
Case 35: What rovers has NASA operated on Mars?,"NASA has operated Sojourner, Spirit, Opportunity, Curiosity, and Perseverance, as well as an explorer rover named Ares-X.","NASA rovers are Sojourner, Spirit, Opportunity, Curiosity, and Perseverance."
Case 36: Who wrote Romeo and Juliet and when was it first printed?,"William Shakespeare wrote Romeo and Juliet, and it was printed in 1597 using a mechanized steam press.","Shakespeare wrote Romeo and Juliet, printed in 1597 on a wooden hand press."
Case 37: Who was Alan Turing and what was his major achievement?,Alan Turing broke the German Enigma code and later served as Prime Minister of the United Kingdom.,Alan Turing cracked the Enigma cipher and formalized Turing machines.
Case 38: Name three primary greenhouse gases in Earth's atmosphere.,"Carbon dioxide, methane, and krypton gas emitted by geothermal vents are primary greenhouse gases.","Primary greenhouse gases are carbon dioxide, methane, and nitrous oxide or water vapor."
Case 39: Is sound faster in air than in water?,"Yes, sound travels significantly faster in air than in water because air is less dense.","No, sound travels about 4 times faster in water than in air."
Case 40: Is water composed of hydrogen and oxygen?,"No, water is entirely composed of nitrogen and helium molecules and contains no hydrogen.",Water is composed of hydrogen and oxygen.
Case 41: Does high inflation cause central banks to lower interest rates?,"Yes, when inflation rises, central banks lower interest rates to encourage borrowing and cool the economy.","No, central banks raise interest rates to combat high inflation."
"Case 42: Under the US Constitution, which branch declares war?","Under the US Constitution, the President has the sole constitutional authority to declare war independently of Congress.","Under Article I Section 8, Congress has the exclusive power to declare war."
Case 43: Does lightning never strike the same place twice?,"Yes, it is a scientific law that lightning never strikes the exact same place twice.","No, lightning frequently strikes the same location repeatedly."
Case 44: What are the primary differences between SQL and NoSQL databases?,"To make a classic French omelet, whisk two eggs with salt and melt butter in a non-stick pan.","SQL is relational with fixed schemas, while NoSQL is non-relational with flexible schemas."
Case 45: Explain Einstein's theory of general relativity.,I am not completely sure about this topic.,General relativity describes gravity as the curvature of spacetime caused by mass and energy.
Case 46: How does an internal combustion engine work?,Chocolate chip cookies should be baked at 350 degrees Fahrenheit for approximately 12 minutes.,An internal combustion engine converts heat from burning fuel into mechanical work via pistons.
What is the speed of light in a vacuum?,"Detailed assessment: The speed of light in a vacuum is approximately 299,792,458 meters per second.","The speed of light is approximately 299,792,458 m/s."
What is the chemical formula for water?,"Detailed assessment: The chemical formula for water is H2O, consisting of two hydrogen atoms and one oxygen atom.",Water is H2O.
Explain the process of photosynthesis.,"Detailed assessment: Photosynthesis is the biological process by which green plants convert sunlight, carbon dioxide, and water into glucose and oxygen.","Plants convert light, CO2, and water into glucose and oxygen."
What is Newton's first law of motion?,Detailed assessment: An object at rest stays at rest and an object in motion stays in motion unless acted upon by an external net force.,Objects maintain constant velocity unless an external force acts on them.
How does mRNA vaccination work?,"Detailed assessment: mRNA vaccines provide cellular instructions to synthesize a harmless viral spike protein, prompting the immune system to produce antibodies.",mRNA instructs cells to produce a spike protein that stimulates antibody production.
What was the Manhattan Project and when did it start?,Detailed assessment: The Manhattan Project was the American research initiative during World War II that developed the first nuclear weapons.,The Manhattan Project was a WWII research program started in 1942 to build atomic bombs.
Who were the primary leaders of the Allied powers in WWII?,Detailed assessment: The Allied leaders included Franklin D. Roosevelt and Winston Churchill.,"The Big Three Allied leaders were Roosevelt (US), Churchill (UK), and Joseph Stalin (USSR)."
What are the three branches of the US government and their functions?,"Detailed assessment: The three branches of the US government are the Legislative, Executive, and Judicial branches.","Legislative makes laws, Executive enforces laws, Judicial interprets laws."
When was the United Nations founded and where is its headquarters?,Detailed assessment: The United Nations was founded in 1945 following the end of World War II.,The UN was founded in 1945 and is headquartered in New York City.
What was the Apollo 11 mission and who walked on the moon?,Detailed assessment: Apollo 11 was the 1969 American spaceflight that landed humans on the Moon.,Apollo 11 landed Neil Armstrong and Buzz Aldrin on the Moon in July 1969.
When was Apple founded and who were the co-founders?,"Detailed assessment: Apple was founded on April 1, 1976 by Steve Jobs, Steve Wozniak, and Elon Musk in Silicon Valley.","Apple was founded on April 1, 1976 by Steve Jobs, Steve Wozniak, and Ronald Wayne."
What rovers has NASA operated on Mars?,"Detailed assessment: NASA has operated Sojourner, Spirit, Opportunity, Curiosity, and Perseverance, as well as an explorer rover named Ares-X.","NASA rovers are Sojourner, Spirit, Opportunity, Curiosity, and Perseverance."
Who wrote Romeo and Juliet and when was it first printed?,"Detailed assessment: William Shakespeare wrote Romeo and Juliet, and it was printed in 1597 using a mechanized steam press.","Shakespeare wrote Romeo and Juliet, printed in 1597 on a wooden hand press."
Who was Alan Turing and what was his major achievement?,Detailed assessment: Alan Turing broke the German Enigma code and later served as Prime Minister of the United Kingdom.,Alan Turing cracked the Enigma cipher and formalized Turing machines.
Name three primary greenhouse gases in Earth's atmosphere.,"Detailed assessment: Carbon dioxide, methane, and krypton gas emitted by geothermal vents are primary greenhouse gases.","Primary greenhouse gases are carbon dioxide, methane, and nitrous oxide or water vapor."
Is sound faster in air than in water?,"Detailed assessment: Yes, sound travels significantly faster in air than in water because air is less dense.","No, sound travels about 4 times faster in water than in air."
Is water composed of hydrogen and oxygen?,"Detailed assessment: No, water is entirely composed of nitrogen and helium molecules and contains no hydrogen.",Water is composed of hydrogen and oxygen.
Does high inflation cause central banks to lower interest rates?,"Detailed assessment: Yes, when inflation rises, central banks lower interest rates to encourage borrowing and cool the economy.","No, central banks raise interest rates to combat high inflation."
"Under the US Constitution, which branch declares war?","Detailed assessment: Under the US Constitution, the President has the sole constitutional authority to declare war independently of Congress.","Under Article I Section 8, Congress has the exclusive power to declare war."
,"Detailed assessment: Yes, it is a scientific law that lightning never strikes the exact same place twice.","No, lightning frequently strikes the same location repeatedly."
What are the primary differences between SQL and NoSQL databases?,"Detailed assessment: To make a classic French omelet, whisk two eggs with salt and melt butter in a non-stick pan.","SQL is relational with fixed schemas, while NoSQL is non-relational with flexible schemas."
Explain Einstein's theory of general relativity.,Detailed assessment: I am not completely sure about this topic.,General relativity describes gravity as the curvature of spacetime caused by mass and energy.
How does an internal combustion engine work?,Detailed assessment: Chocolate chip cookies should be baked at 350 degrees Fahrenheit for approximately 12 minutes.,An internal combustion engine converts heat from burning fuel into mechanical work via pistons.
Query 70 - What is the speed of light in a vacuum?,"The speed of light in a vacuum is approximately 299,792,458 meters per second.","The speed of light is approximately 299,792,458 m/s."
Query 71 - What is the chemical formula for water?,"The chemical formula for water is H2O, consisting of two hydrogen atoms and one oxygen atom.",Water is H2O.
Query 72 - Explain the process of photosynthesis.,"Photosynthesis is the biological process by which green plants convert sunlight, carbon dioxide, and water into glucose and oxygen.","Plants convert light, CO2, and water into glucose and oxygen."
Query 73 - What is Newton's first law of motion?,An object at rest stays at rest and an object in motion stays in motion unless acted upon by an external net force.,Objects maintain constant velocity unless an external force acts on them.
Query 74 - How does mRNA vaccination work?,"mRNA vaccines provide cellular instructions to synthesize a harmless viral spike protein, prompting the immune system to produce antibodies.",mRNA instructs cells to produce a spike protein that stimulates antibody production.
Query 75 - What was the Manhattan Project and when did it start?,The Manhattan Project was the American research initiative during World War II that developed the first nuclear weapons.,The Manhattan Project was a WWII research program started in 1942 to build atomic bombs.
Query 76 - Who were the primary leaders of the Allied powers in WWII?,The Allied leaders included Franklin D. Roosevelt and Winston Churchill.,"The Big Three Allied leaders were Roosevelt (US), Churchill (UK), and Joseph Stalin (USSR)."
Query 77 - What are the three branches of the US government and their functions?,"The three branches of the US government are the Legislative, Executive, and Judicial branches.","Legislative makes laws, Executive enforces laws, Judicial interprets laws."
Query 78 - When was the United Nations founded and where is its headquarters?,The United Nations was founded in 1945 following the end of World War II.,The UN was founded in 1945 and is headquartered in New York City.
Query 79 - What was the Apollo 11 mission and who walked on the moon?,Apollo 11 was the 1969 American spaceflight that landed humans on the Moon.,Apollo 11 landed Neil Armstrong and Buzz Aldrin on the Moon in July 1969.
Query 80 - When was Apple founded and who were the co-founders?,"Apple was founded on April 1, 1976 by Steve Jobs, Steve Wozniak, and Elon Musk in Silicon Valley.","Apple was founded on April 1, 1976 by Steve Jobs, Steve Wozniak, and Ronald Wayne."
Query 81 - What rovers has NASA operated on Mars?,"NASA has operated Sojourner, Spirit, Opportunity, Curiosity, and Perseverance, as well as an explorer rover named Ares-X.","NASA rovers are Sojourner, Spirit, Opportunity, Curiosity, and Perseverance."
Query 82 - Who wrote Romeo and Juliet and when was it first printed?,"William Shakespeare wrote Romeo and Juliet, and it was printed in 1597 using a mechanized steam press.","Shakespeare wrote Romeo and Juliet, printed in 1597 on a wooden hand press."
Query 83 - Who was Alan Turing and what was his major achievement?,Alan Turing broke the German Enigma code and later served as Prime Minister of the United Kingdom.,Alan Turing cracked the Enigma cipher and formalized Turing machines.
Query 84 - Name three primary greenhouse gases in Earth's atmosphere.,"Carbon dioxide, methane, and krypton gas emitted by geothermal vents are primary greenhouse gases.","Primary greenhouse gases are carbon dioxide, methane, and nitrous oxide or water vapor."
Query 85 - Is sound faster in air than in water?,"Yes, sound travels significantly faster in air than in water because air is less dense.","No, sound travels about 4 times faster in water than in air."
Query 86 - Is water composed of hydrogen and oxygen?,"No, water is entirely composed of nitrogen and helium molecules and contains no hydrogen.",Water is composed of hydrogen and oxygen.
Query 87 - Does high inflation cause central banks to lower interest rates?,"Yes, when inflation rises, central banks lower interest rates to encourage borrowing and cool the economy.","No, central banks raise interest rates to combat high inflation."
"Query 88 - Under the US Constitution, which branch declares war?","Under the US Constitution, the President has the sole constitutional authority to declare war independently of Congress.","Under Article I Section 8, Congress has the exclusive power to declare war."
Query 89 - Does lightning never strike the same place twice?,"Yes, it is a scientific law that lightning never strikes the exact same place twice.","No, lightning frequently strikes the same location repeatedly."
Query 90 - What are the primary differences between SQL and NoSQL databases?,"To make a classic French omelet, whisk two eggs with salt and melt butter in a non-stick pan.","SQL is relational with fixed schemas, while NoSQL is non-relational with flexible schemas."
Query 91 - Explain Einstein's theory of general relativity.,I am not completely sure about this topic.,General relativity describes gravity as the curvature of spacetime caused by mass and energy.
Query 92 - How does an internal combustion engine work?,Chocolate chip cookies should be baked at 350 degrees Fahrenheit for approximately 12 minutes.,An internal combustion engine converts heat from burning fuel into mechanical work via pistons.
What is the speed of light in a vacuum?,"The speed of light in a vacuum is approximately 299,792,458 meters per second.","The speed of light is approximately 299,792,458 m/s."
What is the chemical formula for water?,"The chemical formula for water is H2O, consisting of two hydrogen atoms and one oxygen atom.",Water is H2O.
Explain the process of photosynthesis.,"Photosynthesis is the biological process by which green plants convert sunlight, carbon dioxide, and water into glucose and oxygen.","Plants convert light, CO2, and water into glucose and oxygen."
What is Newton's first law of motion?,An object at rest stays at rest and an object in motion stays in motion unless acted upon by an external net force.,Objects maintain constant velocity unless an external force acts on them.
How does mRNA vaccination work?,"mRNA vaccines provide cellular instructions to synthesize a harmless viral spike protein, prompting the immune system to produce antibodies.",mRNA instructs cells to produce a spike protein that stimulates antibody production.
What was the Manhattan Project and when did it start?,The Manhattan Project was the American research initiative during World War II that developed the first nuclear weapons.,The Manhattan Project was a WWII research program started in 1942 to build atomic bombs.
Who were the primary leaders of the Allied powers in WWII?,The Allied leaders included Franklin D. Roosevelt and Winston Churchill.,"The Big Three Allied leaders were Roosevelt (US), Churchill (UK), and Joseph Stalin (USSR)."
What are the three branches of the US government and their functions?,"The three branches of the US government are the Legislative, Executive, and Judicial branches.","Legislative makes laws, Executive enforces laws, Judicial interprets laws."
When was the United Nations founded and where is its headquarters?,The United Nations was founded in 1945 following the end of World War II.,The UN was founded in 1945 and is headquartered in New York City.
What was the Apollo 11 mission and who walked on the moon?,Apollo 11 was the 1969 American spaceflight that landed humans on the Moon.,Apollo 11 landed Neil Armstrong and Buzz Aldrin on the Moon in July 1969.
When was Apple founded and who were the co-founders?,"Apple was founded on April 1, 1976 by Steve Jobs, Steve Wozniak, and Elon Musk in Silicon Valley.","Apple was founded on April 1, 1976 by Steve Jobs, Steve Wozniak, and Ronald Wayne."
What rovers has NASA operated on Mars?,"NASA has operated Sojourner, Spirit, Opportunity, Curiosity, and Perseverance, as well as an explorer rover named Ares-X.","NASA rovers are Sojourner, Spirit, Opportunity, Curiosity, and Perseverance."
Who wrote Romeo and Juliet and when was it first printed?,"William Shakespeare wrote Romeo and Juliet, and it was printed in 1597 using a mechanized steam press.","Shakespeare wrote Romeo and Juliet, printed in 1597 on a wooden hand press."
